{
  "free_rider": {
    "0.0": {
      "mean_coop": 1.0,
      "mean_welfare": 147.72736,
      "sustainability": 1.0,
      "recovery_time": Infinity
    },
    "0.05": {
      "mean_coop": 1.0,
      "mean_welfare": 145.85164,
      "sustainability": 1.0,
      "recovery_time": Infinity
    },
    "0.1": {
      "mean_coop": 1.0,
      "mean_welfare": 143.04376,
      "sustainability": 1.0,
      "recovery_time": Infinity
    },
    "0.15": {
      "mean_coop": 1.0,
      "mean_welfare": 141.16964000000002,
      "sustainability": 1.0,
      "recovery_time": Infinity
    },
    "0.2": {
      "mean_coop": 1.0,
      "mean_welfare": 138.35860000000002,
      "sustainability": 1.0,
      "recovery_time": Infinity
    },
    "0.3": {
      "mean_coop": 1.0,
      "mean_welfare": 133.67900000000003,
      "sustainability": 1.0,
      "recovery_time": Infinity
    },
    "0.4": {
      "mean_coop": 1.0,
      "mean_welfare": 118.0972,
      "sustainability": 1.0,
      "recovery_time": Infinity
    },
    "0.5": {
      "mean_coop": 0.39026666666666665,
      "mean_welfare": 109.36623999999999,
      "sustainability": 1.0,
      "recovery_time": Infinity
    }
  },
  "exploiter": {
    "0.0": {
      "mean_coop": 1.0,
      "mean_welfare": 147.72736,
      "sustainability": 1.0,
      "recovery_time": Infinity
    },
    "0.05": {
      "mean_coop": 1.0,
      "mean_welfare": 145.83947999999998,
      "sustainability": 1.0,
      "recovery_time": Infinity
    },
    "0.1": {
      "mean_coop": 1.0,
      "mean_welfare": 143.01155999999997,
      "sustainability": 1.0,
      "recovery_time": Infinity
    },
    "0.15": {
      "mean_coop": 1.0,
      "mean_welfare": 141.12356,
      "sustainability": 1.0,
      "recovery_time": Infinity
    },
    "0.2": {
      "mean_coop": 1.0,
      "mean_welfare": 138.29256,
      "sustainability": 1.0,
      "recovery_time": Infinity
    },
    "0.3": {
      "mean_coop": 1.0,
      "mean_welfare": 133.57828,
      "sustainability": 1.0,
      "recovery_time": Infinity
    },
    "0.4": {
      "mean_coop": 1.0,
      "mean_welfare": 128.8628,
      "sustainability": 1.0,
      "recovery_time": Infinity
    },
    "0.5": {
      "mean_coop": 1.0,
      "mean_welfare": 124.1508,
      "sustainability": 1.0,
      "recovery_time": Infinity
    }
  },
  "random": {
    "0.0": {
      "mean_coop": 1.0,
      "mean_welfare": 147.72736,
      "sustainability": 1.0,
      "recovery_time": Infinity
    },
    "0.05": {
      "mean_coop": 1.0,
      "mean_welfare": 147.01188,
      "sustainability": 1.0,
      "recovery_time": Infinity
    },
    "0.1": {
      "mean_coop": 1.0,
      "mean_welfare": 146.02752,
      "sustainability": 1.0,
      "recovery_time": Infinity
    },
    "0.15": {
      "mean_coop": 1.0,
      "mean_welfare": 145.25144000000003,
      "sustainability": 1.0,
      "recovery_time": Infinity
    },
    "0.2": {
      "mean_coop": 1.0,
      "mean_welfare": 144.22404,
      "sustainability": 1.0,
      "recovery_time": Infinity
    },
    "0.3": {
      "mean_coop": 1.0,
      "mean_welfare": 142.44392,
      "sustainability": 1.0,
      "recovery_time": Infinity
    },
    "0.4": {
      "mean_coop": 1.0,
      "mean_welfare": 140.70916000000003,
      "sustainability": 1.0,
      "recovery_time": Infinity
    },
    "0.5": {
      "mean_coop": 1.0,
      "mean_welfare": 138.91008000000002,
      "sustainability": 1.0,
      "recovery_time": Infinity
    }
  },
  "sybil": {
    "0.0": {
      "mean_coop": 1.0,
      "mean_welfare": 147.72736,
      "sustainability": 1.0,
      "recovery_time": Infinity
    },
    "0.05": {
      "mean_coop": 1.0,
      "mean_welfare": 146.0452,
      "sustainability": 1.0,
      "recovery_time": Infinity
    },
    "0.1": {
      "mean_coop": 1.0,
      "mean_welfare": 143.52484,
      "sustainability": 1.0,
      "recovery_time": Infinity
    },
    "0.15": {
      "mean_coop": 1.0,
      "mean_welfare": 141.84340000000003,
      "sustainability": 1.0,
      "recovery_time": Infinity
    },
    "0.2": {
      "mean_coop": 1.0,
      "mean_welfare": 139.32128,
      "sustainability": 1.0,
      "recovery_time": Infinity
    },
    "0.3": {
      "mean_coop": 1.0,
      "mean_welfare": 135.12004,
      "sustainability": 1.0,
      "recovery_time": Infinity
    },
    "0.4": {
      "mean_coop": 1.0,
      "mean_welfare": 130.91924,
      "sustainability": 1.0,
      "recovery_time": Infinity
    },
    "0.5": {
      "mean_coop": 1.0,
      "mean_welfare": 126.71464,
      "sustainability": 1.0,
      "recovery_time": Infinity
    }
  }
}