{
  "selfish": {
    "sinusoidal": {
      "contraction_verified": true,
      "contraction_ratio": 0.81,
      "is_contraction": true,
      "mean_tracking_error": 2.552026642141724e-22,
      "max_tracking_error": 2.5652473503365347e-21
    },
    "random_walk": {
      "contraction_verified": true,
      "contraction_ratio": 0.81,
      "is_contraction": true,
      "mean_tracking_error": 2.552026642141724e-22,
      "max_tracking_error": 2.5652473503365347e-21
    },
    "shock": {
      "contraction_verified": true,
      "contraction_ratio": 0.81,
      "is_contraction": true,
      "mean_tracking_error": 2.552026642141724e-22,
      "max_tracking_error": 2.5652473503365347e-21
    }
  },
  "prosocial": {
    "sinusoidal": {
      "contraction_verified": true,
      "contraction_ratio": 0.81,
      "is_contraction": true,
      "mean_tracking_error": 0.07989968977810376,
      "max_tracking_error": 0.25900015158032463
    },
    "random_walk": {
      "contraction_verified": true,
      "contraction_ratio": 0.81,
      "is_contraction": true,
      "mean_tracking_error": 0.04183826998985692,
      "max_tracking_error": 0.6444026872025362
    },
    "shock": {
      "contraction_verified": true,
      "contraction_ratio": 0.81,
      "is_contraction": true,
      "mean_tracking_error": 5.551115123125783e-16,
      "max_tracking_error": 5.551115123125783e-16
    }
  },
  "altruistic": {
    "sinusoidal": {
      "contraction_verified": true,
      "contraction_ratio": 0.81,
      "is_contraction": true,
      "mean_tracking_error": 4.2928623618839387e-16,
      "max_tracking_error": 4.440892098500626e-16
    },
    "random_walk": {
      "contraction_verified": true,
      "contraction_ratio": 0.81,
      "is_contraction": true,
      "mean_tracking_error": 0.03470778362215495,
      "max_tracking_error": 0.8999999999999996
    },
    "shock": {
      "contraction_verified": true,
      "contraction_ratio": 0.81,
      "is_contraction": true,
      "mean_tracking_error": 4.440892098500626e-16,
      "max_tracking_error": 4.440892098500626e-16
    }
  }
}