{
  "lmm": {
    "selfish": {
      "ate": 0.0,
      "se": 0.0,
      "t_stat": 0.0,
      "p_value": 1.0,
      "ci_95": [
        0.0,
        0.0
      ],
      "icc_seed": 0.0,
      "seed_ates": [
        0.0,
        0.0,
        0.0,
        0.0,
        0.0,
        0.0,
        0.0,
        0.0,
        0.0,
        0.0
      ],
      "agent_ate_mean": 0.0,
      "agent_ate_std": 0.0,
      "significant": "False"
    },
    "individualist": {
      "ate": -0.029595,
      "se": 0.003749005886148353,
      "t_stat": -7.894092489941649,
      "p_value": 2.886579864025407e-15,
      "ci_95": [
        -0.037811125,
        -0.02313925
      ],
      "icc_seed": 0.03268316884001832,
      "seed_ates": [
        -0.01765,
        -0.033600000000000005,
        -0.024350000000000004,
        -0.023950000000000003,
        -0.0207,
        -0.055549999999999995,
        -0.03075,
        -0.02415,
        -0.04724999999999999,
        -0.018
      ],
      "agent_ate_mean": -0.029595000000000007,
      "agent_ate_std": 0.02986433449785881,
      "significant": "True"
    },
    "prosocial": {
      "ate": 0.0,
      "se": 0.0,
      "t_stat": 0.0,
      "p_value": 1.0,
      "ci_95": [
        0.0,
        0.0
      ],
      "icc_seed": 0.0,
      "seed_ates": [
        0.0,
        0.0,
        0.0,
        0.0,
        0.0,
        0.0,
        0.0,
        0.0,
        0.0,
        0.0
      ],
      "agent_ate_mean": 0.0,
      "agent_ate_std": 0.0,
      "significant": "False"
    },
    "altruistic": {
      "ate": 0.0,
      "se": 0.0,
      "t_stat": 0.0,
      "p_value": 1.0,
      "ci_95": [
        0.0,
        0.0
      ],
      "icc_seed": 0.0,
      "seed_ates": [
        0.0,
        0.0,
        0.0,
        0.0,
        0.0,
        0.0,
        0.0,
        0.0,
        0.0,
        0.0
      ],
      "agent_ate_mean": 0.0,
      "agent_ate_std": 0.0,
      "significant": "False"
    }
  },
  "hte": {
    "selfish": {
      "mean_tau": 0.0,
      "std_tau": 0.0,
      "q25": 0.0,
      "median": 0.0,
      "q75": 0.0,
      "positive_frac": 0.0
    },
    "individualist": {
      "mean_tau": -0.029595000000000007,
      "std_tau": 0.02986433449785881,
      "q25": -0.0465,
      "median": -0.02525,
      "q75": -0.008875000000000001,
      "positive_frac": 0.03
    },
    "prosocial": {
      "mean_tau": 0.0,
      "std_tau": 0.0,
      "q25": 0.0,
      "median": 0.0,
      "q75": 0.0,
      "positive_frac": 0.0
    },
    "altruistic": {
      "mean_tau": 0.0,
      "std_tau": 0.0,
      "q25": 0.0,
      "median": 0.0,
      "q75": 0.0,
      "positive_frac": 0.0
    }
  }
}