{
  "selfish": {
    "scarce": {
      "resource": 0.1,
      "lambda_star": 0.0,
      "convergence_rate": 100.0,
      "mean_convergence_steps": 55.0,
      "all_converged": true
    },
    "normal": {
      "resource": 0.5,
      "lambda_star": 0.0,
      "convergence_rate": 100.0,
      "mean_convergence_steps": 55.0,
      "all_converged": true
    },
    "abundant": {
      "resource": 0.8,
      "lambda_star": 0.0,
      "convergence_rate": 100.0,
      "mean_convergence_steps": 55.0,
      "all_converged": true
    }
  },
  "prosocial": {
    "scarce": {
      "resource": 0.1,
      "lambda_star": 0.0,
      "convergence_rate": 100.0,
      "mean_convergence_steps": 55.0,
      "all_converged": true
    },
    "normal": {
      "resource": 0.5,
      "lambda_star": 0.7071067811865476,
      "convergence_rate": 100.0,
      "mean_convergence_steps": 50.08,
      "all_converged": true
    },
    "abundant": {
      "resource": 0.8,
      "lambda_star": 1.0,
      "convergence_rate": 100.0,
      "mean_convergence_steps": 55.0,
      "all_converged": true
    }
  },
  "altruistic": {
    "scarce": {
      "resource": 0.1,
      "lambda_star": 0.0,
      "convergence_rate": 100.0,
      "mean_convergence_steps": 55.0,
      "all_converged": true
    },
    "normal": {
      "resource": 0.5,
      "lambda_star": 1.0,
      "convergence_rate": 100.0,
      "mean_convergence_steps": 55.0,
      "all_converged": true
    },
    "abundant": {
      "resource": 0.8,
      "lambda_star": 1.0,
      "convergence_rate": 100.0,
      "mean_convergence_steps": 55.0,
      "all_converged": true
    }
  }
}