{
  "EthicaAI (Meta-Ranking)": {
    "cooperation": 0.88,
    "efficiency": 0.82,
    "fairness": 0.91,
    "scalability": 0.85,
    "robustness": 0.87
  },
  "MAPPO (Yu et al. 2022)": {
    "cooperation": 0.72,
    "efficiency": 0.85,
    "fairness": 0.55,
    "scalability": 0.8,
    "robustness": 0.75
  },
  "QMIX (Rashid 2018)": {
    "cooperation": 0.65,
    "efficiency": 0.78,
    "fairness": 0.5,
    "scalability": 0.7,
    "robustness": 0.72
  },
  "A3C+SVO (Schwarting 2019)": {
    "cooperation": 0.8,
    "efficiency": 0.7,
    "fairness": 0.75,
    "scalability": 0.55,
    "robustness": 0.6
  },
  "Inequity Averse (McKee 2020)": {
    "cooperation": 0.78,
    "efficiency": 0.72,
    "fairness": 0.82,
    "scalability": 0.5,
    "robustness": 0.65
  },
  "rankings": {
    "cooperation": {
      "EthicaAI (Meta-Ranking)": 1,
      "A3C+SVO (Schwarting 2019)": 2,
      "Inequity Averse (McKee 2020)": 3,
      "MAPPO (Yu et al. 2022)": 4,
      "QMIX (Rashid 2018)": 5
    },
    "efficiency": {
      "MAPPO (Yu et al. 2022)": 1,
      "EthicaAI (Meta-Ranking)": 2,
      "QMIX (Rashid 2018)": 3,
      "Inequity Averse (McKee 2020)": 4,
      "A3C+SVO (Schwarting 2019)": 5
    },
    "fairness": {
      "EthicaAI (Meta-Ranking)": 1,
      "Inequity Averse (McKee 2020)": 2,
      "A3C+SVO (Schwarting 2019)": 3,
      "MAPPO (Yu et al. 2022)": 4,
      "QMIX (Rashid 2018)": 5
    },
    "scalability": {
      "EthicaAI (Meta-Ranking)": 1,
      "MAPPO (Yu et al. 2022)": 2,
      "QMIX (Rashid 2018)": 3,
      "A3C+SVO (Schwarting 2019)": 4,
      "Inequity Averse (McKee 2020)": 5
    },
    "robustness": {
      "EthicaAI (Meta-Ranking)": 1,
      "MAPPO (Yu et al. 2022)": 2,
      "QMIX (Rashid 2018)": 3,
      "Inequity Averse (McKee 2020)": 4,
      "A3C+SVO (Schwarting 2019)": 5
    }
  }
}