{
  "20": {
    "neutral": 0.05,
    "matrix": {
      "selfish": {
        "selfish": null,
        "individualist": 0.0,
        "prosocial": 0.0,
        "altruistic": 1.0,
        "meta_ranking": 0.001
      },
      "individualist": {
        "selfish": 0.0,
        "individualist": null,
        "prosocial": 0.0,
        "altruistic": 0.1474,
        "meta_ranking": 0.0
      },
      "prosocial": {
        "selfish": 0.0,
        "individualist": 0.0,
        "prosocial": null,
        "altruistic": 0.0,
        "meta_ranking": 0.0
      },
      "altruistic": {
        "selfish": 0.0,
        "individualist": 0.0,
        "prosocial": 0.0,
        "altruistic": null,
        "meta_ranking": 0.0
      },
      "meta_ranking": {
        "selfish": 0.0,
        "individualist": 0.0,
        "prosocial": 0.0,
        "altruistic": 0.0,
        "meta_ranking": null
      }
    }
  },
  "50": {
    "neutral": 0.02,
    "matrix": {
      "selfish": {
        "selfish": null,
        "individualist": 0.0,
        "prosocial": 0.0,
        "altruistic": 1.0,
        "meta_ranking": 0.0
      },
      "individualist": {
        "selfish": 0.0,
        "individualist": null,
        "prosocial": 0.0,
        "altruistic": 0.0004,
        "meta_ranking": 0.0
      },
      "prosocial": {
        "selfish": 0.0,
        "individualist": 0.0,
        "prosocial": null,
        "altruistic": 0.0,
        "meta_ranking": 0.0
      },
      "altruistic": {
        "selfish": 0.0,
        "individualist": 0.0,
        "prosocial": 0.0,
        "altruistic": null,
        "meta_ranking": 0.0
      },
      "meta_ranking": {
        "selfish": 0.0,
        "individualist": 0.0,
        "prosocial": 0.0,
        "altruistic": 0.0,
        "meta_ranking": null
      }
    }
  },
  "100": {
    "neutral": 0.01,
    "matrix": {
      "selfish": {
        "selfish": null,
        "individualist": 0.0,
        "prosocial": 0.0,
        "altruistic": 0.9998,
        "meta_ranking": 0.0
      },
      "individualist": {
        "selfish": 0.0,
        "individualist": null,
        "prosocial": 0.0,
        "altruistic": 0.0,
        "meta_ranking": 0.0
      },
      "prosocial": {
        "selfish": 0.0,
        "individualist": 0.0,
        "prosocial": null,
        "altruistic": 0.0,
        "meta_ranking": 0.0
      },
      "altruistic": {
        "selfish": 0.0,
        "individualist": 0.0,
        "prosocial": 0.0,
        "altruistic": null,
        "meta_ranking": 0.0
      },
      "meta_ranking": {
        "selfish": 0.0,
        "individualist": 0.0,
        "prosocial": 0.0,
        "altruistic": 0.0,
        "meta_ranking": null
      }
    }
  }
}