{
  "ai_regulation": {
    "0.0": {
      "0.0": {
        "innovation": 98.96879510957726,
        "safety": 49.621133765322,
        "trust": 98.58773126123171,
        "composite": 84.05017755179703
      },
      "0.1": {
        "innovation": 98.76376063115154,
        "safety": 68.37206860759525,
        "trust": 98.9811099993736,
        "composite": 89.71145783455128
      },
      "0.2": {
        "innovation": 98.48029698887906,
        "safety": 85.9610091772207,
        "trust": 99.87147576237574,
        "composite": 95.14186427743056
      },
      "0.30000000000000004": {
        "innovation": 98.14757474440788,
        "safety": 96.6473690154096,
        "trust": 100.0,
        "composite": 98.25324060238604
      },
      "0.4": {
        "innovation": 97.55226218842645,
        "safety": 99.2242821965626,
        "trust": 100.0,
        "composite": 98.78818953433935
      },
      "0.5": {
        "innovation": 96.4048822408664,
        "safety": 99.49963851274785,
        "trust": 100.0,
        "composite": 98.41184445017092
      },
      "0.6000000000000001": {
        "innovation": 94.05525839141659,
        "safety": 99.6310116958557,
        "trust": 100.0,
        "composite": 97.51140686532335
      },
      "0.7000000000000001": {
        "innovation": 88.6700852965179,
        "safety": 99.71618002534848,
        "trust": 100.0,
        "composite": 95.38288812621171
      },
      "0.8": {
        "innovation": 79.47137345326641,
        "safety": 99.78496563545221,
        "trust": 100.0,
        "composite": 91.72403907194223
      },
      "0.9": {
        "innovation": 65.61718979836249,
        "safety": 99.8368281490165,
        "trust": 100.0,
        "composite": 86.19792436404994
      },
      "1.0": {
        "innovation": 49.33405729972178,
        "safety": 99.8758909131315,
        "trust": 100.0,
        "composite": 79.69639019382814
      }
    },
    "0.1": {
      "0.0": {
        "innovation": 98.89140071400026,
        "safety": 54.4807244549452,
        "trust": 98.60471188252126,
        "composite": 85.48219118684005
      },
      "0.1": {
        "innovation": 98.64924835264794,
        "safety": 71.22074311067144,
        "trust": 99.3781100951583,
        "composite": 90.6393553028081
      },
      "0.2": {
        "innovation": 98.40715961861216,
        "safety": 87.18721235307599,
        "trust": 99.87147576237574,
        "composite": 95.48047028208038
      },
      "0.30000000000000004": {
        "innovation": 98.14757474440788,
        "safety": 96.78444354974408,
        "trust": 100.0,
        "composite": 98.29436296268638
      },
      "0.4": {
        "innovation": 97.60223542163152,
        "safety": 99.1687644288326,
        "trust": 100.0,
        "composite": 98.79152349730239
      },
      "0.5": {
        "innovation": 96.58079011407612,
        "safety": 99.41010100073109,
        "trust": 100.0,
        "composite": 98.45534634584978
      },
      "0.6000000000000001": {
        "innovation": 94.51134986473674,
        "safety": 99.53154744099733,
        "trust": 100.0,
        "composite": 97.66400417819389
      },
      "0.7000000000000001": {
        "innovation": 89.87145619378951,
        "safety": 99.61635805238517,
        "trust": 100.0,
        "composite": 95.83348989323136
      },
      "0.8": {
        "innovation": 81.40146444976588,
        "safety": 99.67189631937745,
        "trust": 100.0,
        "composite": 92.46215467571957
      },
      "0.9": {
        "innovation": 68.89674560024393,
        "safety": 99.71873657912735,
        "trust": 100.0,
        "composite": 87.47431921383577
      },
      "1.0": {
        "innovation": 54.298104276345,
        "safety": 99.75372502190065,
        "trust": 100.0,
        "composite": 81.6453592171082
      }
    },
    "0.3": {
      "0.0": {
        "innovation": 98.68592887314765,
        "safety": 63.927727485701645,
        "trust": 98.9811099993736,
        "composite": 88.34702279478164
      },
      "0.1": {
        "innovation": 98.52833948833691,
        "safety": 77.47853683898416,
        "trust": 99.7780126652739,
        "composite": 92.5883006466122
      },
      "0.2": {
        "innovation": 98.334377228417,
        "safety": 89.94732041163164,
        "trust": 100.0,
        "composite": 96.31794701485629
      },
      "0.30000000000000004": {
        "innovation": 98.13719707274615,
        "safety": 97.11520695379764,
        "trust": 100.0,
        "composite": 98.38944091523774
      },
      "0.4": {
        "innovation": 97.73307819726912,
        "safety": 99.01484871091621,
        "trust": 100.0,
        "composite": 98.7976858921825
      },
      "0.5": {
        "innovation": 96.98779844969604,
        "safety": 99.1815495899783,
        "trust": 100.0,
        "composite": 98.5495842568719
      },
      "0.6000000000000001": {
        "innovation": 95.21177449417834,
        "safety": 99.28107941625917,
        "trust": 100.0,
        "composite": 97.8690336225491
      },
      "0.7000000000000001": {
        "innovation": 91.81568713784111,
        "safety": 99.33209740217805,
        "trust": 100.0,
        "composite": 96.52590407578987
      },
      "0.8": {
        "innovation": 85.33112227274879,
        "safety": 99.38138142634473,
        "trust": 100.0,
        "composite": 93.94686333700295
      },
      "0.9": {
        "innovation": 75.79431469396599,
        "safety": 99.38182914415472,
        "trust": 100.0,
        "composite": 90.13227462083282
      },
      "1.0": {
        "innovation": 64.44769790439165,
        "safety": 99.40943944282314,
        "trust": 100.0,
        "composite": 85.6019109946036
      }
    },
    "0.5": {
      "0.0": {
        "innovation": 98.5118306630512,
        "safety": 73.94260216804857,
        "trust": 99.28464699805647,
        "composite": 91.372907015052
      },
      "0.1": {
        "innovation": 98.40978088267372,
        "safety": 83.44918885728666,
        "trust": 99.87147576237574,
        "composite": 94.3601117389682
      },
      "0.2": {
        "innovation": 98.31764139652083,
        "safety": 92.3734933211147,
        "trust": 100.0,
        "composite": 97.03910455494274
      },
      "0.30000000000000004": {
        "innovation": 98.13719707274615,
        "safety": 97.50074255997468,
        "trust": 100.0,
        "composite": 98.50510159709087
      },
      "0.4": {
        "innovation": 97.81281670270877,
        "safety": 98.78794030022132,
        "trust": 100.0,
        "composite": 98.7615087711499
      },
      "0.5": {
        "innovation": 97.19484029343373,
        "safety": 98.88036446990515,
        "trust": 100.0,
        "composite": 98.54204545834503
      },
      "0.6000000000000001": {
        "innovation": 95.83222268863254,
        "safety": 98.95024736287726,
        "trust": 100.0,
        "composite": 98.0179632843162
      },
      "0.7000000000000001": {
        "innovation": 93.21100966510876,
        "safety": 98.99811135708833,
        "trust": 100.0,
        "composite": 96.98383727317
      },
      "0.8": {
        "innovation": 88.7951362803835,
        "safety": 99.05092114334064,
        "trust": 100.0,
        "composite": 95.2333308551556
      },
      "0.9": {
        "innovation": 81.91806792376299,
        "safety": 99.07527507165554,
        "trust": 100.0,
        "composite": 92.48980969100185
      },
      "1.0": {
        "innovation": 73.88235260244284,
        "safety": 99.09354894359062,
        "trust": 100.0,
        "composite": 89.28100572405432
      }
    }
  },
  "carbon_tax": {
    "0.0": {
      "0.0": {
        "emissions": 2996.4338566361967,
        "profit": 239.62933442037155,
        "reduction": 0.0010637540214308184
      },
      "0.05": {
        "emissions": 2724.1420883021806,
        "profit": 211.50275796915463,
        "reduction": 0.09138466821795821
      },
      "0.1": {
        "emissions": 2476.4965557482897,
        "profit": 184.206005573435,
        "reduction": 0.1735713395220654
      },
      "0.15000000000000002": {
        "emissions": 2251.2752487473863,
        "profit": 157.663903433883,
        "reduction": 0.24835342241502328
      },
      "0.2": {
        "emissions": 2046.455689531785,
        "profit": 131.80806157567216,
        "reduction": 0.3163953813307107
      },
      "0.25": {
        "emissions": 1860.197086610185,
        "profit": 106.5762640610487,
        "reduction": 0.3783022916364819
      },
      "0.30000000000000004": {
        "emissions": 1690.824078349994,
        "profit": 81.91191379792936,
        "reduction": 0.4346251264884696
      },
      "0.35000000000000003": {
        "emissions": 1536.8119252779607,
        "profit": 57.76352707587167,
        "reduction": 0.4858655749420916
      },
      "0.4": {
        "emissions": 1396.773022512812,
        "profit": 34.08427339318412,
        "reduction": 0.5324804327099993
      },
      "0.45": {
        "emissions": 1269.4446151128718,
        "profit": 11.124952583331721,
        "reduction": 0.5748856033186869
      },
      "0.5": {
        "emissions": 1153.6776094852983,
        "profit": 0.5571569512183758,
        "reduction": 0.6134597440943981
      }
    },
    "0.1": {
      "0.0": {
        "emissions": 2760.3963342413963,
        "profit": 215.77465266235131,
        "reduction": 0.07901611393045631
      },
      "0.05": {
        "emissions": 2515.489753691808,
        "profit": 190.45873490802,
        "reduction": 0.1603490132056847
      },
      "0.1": {
        "emissions": 2292.75056121262,
        "profit": 165.8898128337844,
        "reduction": 0.23435260829711274
      },
      "0.15000000000000002": {
        "emissions": 2091.107977615338,
        "profit": 142.03276863610563,
        "reduction": 0.30137467442074184
      },
      "0.2": {
        "emissions": 1914.986808210711,
        "profit": 118.82139248491758,
        "reduction": 0.35992688619053553
      },
      "0.25": {
        "emissions": 1753.2638370957816,
        "profit": 96.10544891983452,
        "reduction": 0.41371727350188914
      },
      "0.30000000000000004": {
        "emissions": 1605.2685210207576,
        "profit": 73.8864399247795,
        "reduction": 0.46296376266527817
      },
      "0.35000000000000003": {
        "emissions": 1470.0779339503065,
        "profit": 52.13974162722375,
        "reduction": 0.5079690154053951
      },
      "0.4": {
        "emissions": 1346.842109034048,
        "profit": 30.81913295133926,
        "reduction": 0.5490119481319992
      },
      "0.45": {
        "emissions": 1234.512723972469,
        "profit": 10.156504681457886,
        "reduction": 0.5864383100723897
      },
      "0.5": {
        "emissions": 1132.1898525230376,
        "profit": 0.5607311701891714,
        "reduction": 0.6205448356051424
      }
    },
    "0.3": {
      "0.0": {
        "emissions": 2291.695699849749,
        "profit": 167.84028686659488,
        "reduction": 0.23416731951289202
      },
      "0.05": {
        "emissions": 2103.3479307861403,
        "profit": 148.24356189036817,
        "reduction": 0.29686199517119444
      },
      "0.1": {
        "emissions": 1957.2850434050022,
        "profit": 129.48920867996532,
        "reduction": 0.3454603945957728
      },
      "0.15000000000000002": {
        "emissions": 1816.6958606959943,
        "profit": 110.88758125590144,
        "reduction": 0.39226173954791566
      },
      "0.2": {
        "emissions": 1685.5815586386411,
        "profit": 92.71262686189955,
        "reduction": 0.43592524786096404
      },
      "0.25": {
        "emissions": 1564.1861902319058,
        "profit": 74.977296974908,
        "reduction": 0.47636590252076055
      },
      "0.30000000000000004": {
        "emissions": 1452.8371492651336,
        "profit": 57.6595967164609,
        "reduction": 0.513470712381041
      },
      "0.35000000000000003": {
        "emissions": 1350.886003220267,
        "profit": 40.71508367472548,
        "reduction": 0.5474532441295856
      },
      "0.4": {
        "emissions": 1257.6994986124314,
        "profit": 24.110020916040053,
        "reduction": 0.5785224480033954
      },
      "0.45": {
        "emissions": 1172.7801153818375,
        "profit": 8.055865866146041,
        "reduction": 0.6068421011304335
      },
      "0.5": {
        "emissions": 1095.471038051804,
        "profit": 0.5380888159290999,
        "reduction": 0.6326296083976779
      }
    },
    "0.5": {
      "0.0": {
        "emissions": 1907.1876834535992,
        "profit": 121.39831477309352,
        "reduction": 0.3616366086689066
      },
      "0.05": {
        "emissions": 1789.320235246588,
        "profit": 107.1833435676347,
        "reduction": 0.40093822260958045
      },
      "0.1": {
        "emissions": 1678.6249581076172,
        "profit": 93.27244002603439,
        "reduction": 0.43785785447281544
      },
      "0.15000000000000002": {
        "emissions": 1575.932459711134,
        "profit": 79.7732489380783,
        "reduction": 0.4721153875783661
      },
      "0.2": {
        "emissions": 1481.4238907081121,
        "profit": 66.67320719079808,
        "reduction": 0.5036479536895323
      },
      "0.25": {
        "emissions": 1395.213113239396,
        "profit": 53.93147356320155,
        "reduction": 0.5324154389383222
      },
      "0.30000000000000004": {
        "emissions": 1316.1667775224512,
        "profit": 41.506992826983286,
        "reduction": 0.558795712222339
      },
      "0.35000000000000003": {
        "emissions": 1244.502385622817,
        "profit": 29.361390151313127,
        "reduction": 0.5827141061354479
      },
      "0.4": {
        "emissions": 1179.1006101479345,
        "profit": 17.46972472060196,
        "reduction": 0.6045442124772884
      },
      "0.45": {
        "emissions": 1119.1371108962733,
        "profit": 5.948236342955158,
        "reduction": 0.624560848200318
      },
      "0.5": {
        "emissions": 1064.8759649701963,
        "profit": 0.49648036434376375,
        "reduction": 0.6426740188719553
      }
    }
  }
}